step,action,code,prediction,outcome,status,valence,i_length,e_length,nb_schemas
0,,0,1,1,success,-1,1,1,27
1,sniff_front,0,0,2,fail,-1,1,0,28
2,sniff_front,0,0,2,fail,-1,1,0,31
3,forward,1,0,2,fail,10,1,0,35
4,sniff_front,0,0,2,fail,-1,1,0,39
5,forward,1,2,2,success,10,2,1,39
6,sniff_front,0,2,2,success,-1,2,2,42
7,forward,1,2,0,fail,-1,2,0,46
8,sniff_front,0,0,3,fail,-1,1,0,50
9,sniff_front,0,0,3,fail,-1,1,0,54
10,forward,1,0,3,fail,-10,1,0,58
11,sniff_front,0,0,3,fail,-1,1,0,62
12,sniff_left,2,0,3,fail,-1,1,0,66
13,sniff_front,0,0,3,fail,-1,1,0,70
14,sniff_right,3,0,2,fail,-1,1,0,74
15,sniff_front,0,0,3,fail,-1,1,0,78
16,turn_right,4,0,2,fail,-1,1,0,82
17,sniff_front,0,0,2,fail,-1,1,0,86
18,forward,1,2,0,fail,-1,3,0,90
19,forward,1,0,0,success,-1,1,1,94
20,sniff_left,2,0,3,fail,-1,1,0,98
21,forward,1,0,3,fail,-10,1,0,102
22,forward,1,0,3,fail,-10,1,0,106
23,sniff_left,2,0,3,fail,-1,1,0,110
24,sniff_left,2,0,3,fail,-1,1,0,114
25,sniff_right,3,0,0,success,-1,1,1,118
26,sniff_front,0,0,3,fail,-1,1,0,122
27,turn_left,5,0,1,fail,-3,1,0,126
28,sniff_front,0,0,3,fail,-1,1,0,130
29,sniff_front,0,0,3,fail,-1,1,0,133
30,sniff_left,2,0,2,fail,-1,1,0,137
31,sniff_front,0,0,3,fail,-1,1,0,141
32,sniff_right,3,0,3,fail,-1,1,0,145
33,sniff_front,0,0,3,fail,-1,1,0,149
34,turn_right,4,2,1,fail,-3,1,0,153
35,sniff_front,0,0,3,fail,-1,1,0,157
36,sniff_front,0,0,3,fail,-1,1,0,160
37,sniff_left,2,0,3,fail,-1,1,0,163
38,turn_right,4,0,2,fail,-1,1,0,167
39,forward,1,0,0,success,-1,1,1,171
40,sniff_right,3,0,3,fail,-1,1,0,175
41,forward,1,0,3,fail,-10,1,0,179
42,sniff_right,3,0,3,fail,-1,1,0,183
43,sniff_left,2,0,0,success,-1,1,1,187
44,sniff_front,0,0,3,fail,-1,1,0,191
45,sniff_right,3,0,3,fail,-1,1,0,194
46,sniff_right,3,0,3,fail,-1,1,0,198
47,turn_right,4,0,1,fail,-3,1,0,202
48,forward,1,0,3,fail,-10,1,0,206
49,turn_right,4,0,2,fail,-1,1,0,210
50,sniff_left,2,0,3,fail,-1,1,0,214
51,turn_left,5,0,0,success,-5,1,1,218
52,sniff_front,0,0,3,fail,-1,1,0,222
53,sniff_front,0,0,3,fail,-1,1,0,225
54,sniff_left,2,0,3,fail,-1,1,0,226
55,sniff_front,0,0,3,fail,-1,1,0,227
56,sniff_right,3,3,2,fail,-1,1,0,227
57,forward,1,0,3,fail,-10,1,0,231
58,turn_left,5,0,1,fail,-3,1,0,235
59,forward,1,0,3,fail,-10,1,0,239
60,sniff_front,0,0,3,fail,-1,1,0,242
61,turn_left,5,1,2,fail,-1,1,0,246
62,sniff_front,0,0,0,success,-1,1,1,250
63,sniff_front,0,0,0,success,-1,1,1,254
64,forward,1,0,0,success,-1,1,1,258
65,turn_right,4,0,2,fail,-1,1,0,262
66,sniff_right,3,0,2,fail,-1,1,0,266
67,sniff_left,2,0,3,fail,-1,1,0,270
68,sniff_left,2,0,3,fail,-1,1,0,273
69,sniff_right,3,0,2,fail,-1,1,0,277
70,sniff_right,3,0,2,fail,-1,1,0,281
71,turn_right,4,0,2,fail,-1,1,0,285
72,turn_right,4,0,0,success,-5,1,1,289
73,sniff_front,0,0,3,fail,-1,1,0,293
74,sniff_front,0,0,3,fail,-1,1,0,296
75,sniff_left,2,0,2,fail,-1,1,0,297
76,forward,1,0,3,fail,-10,1,0,301
77,sniff_left,2,0,2,fail,-1,1,0,305
78,sniff_left,2,0,2,fail,-1,1,0,309
79,sniff_right,3,0,3,fail,-1,1,0,313
80,turn_left,5,0,2,fail,-1,1,0,317
81,forward,1,0,0,success,-1,1,1,321
82,turn_left,5,0,1,fail,-3,1,0,325
83,sniff_left,2,0,0,success,-1,1,1,329
84,forward,1,0,3,fail,-10,1,0,333
85,sniff_right,3,0,3,fail,-1,1,0,336
86,sniff_front,0,0,3,fail,-1,1,0,339
87,sniff_right,3,0,3,fail,-1,1,0,342
88,sniff_left,2,0,0,success,-1,1,1,345
89,sniff_left,2,0,0,success,-1,1,1,349
90,sniff_right,3,0,3,fail,-1,1,0,353
91,sniff_right,3,0,3,fail,-1,1,0,356
92,turn_left,5,2,2,success,-1,1,1,359
93,sniff_left,2,0,2,fail,-1,1,0,363
94,turn_right,4,0,0,success,-5,1,1,367
95,forward,1,0,3,fail,-10,1,0,371
96,turn_right,4,0,1,fail,-3,1,0,375
97,sniff_left,2,0,3,fail,-1,1,0,379
98,turn_right,4,0,2,fail,-1,1,0,382
99,turn_left,5,0,0,success,-5,1,1,386
100,forward,1,0,3,fail,-10,1,0,390
101,sniff_front,0,0,3,fail,-1,1,0,393
102,turn_right,4,1,2,fail,-1,1,0,396
103,sniff_front,0,0,2,fail,-1,1,0,397
104,forward,1,2,0,fail,-1,3,0,397
105,sniff_front,0,0,3,fail,-1,1,0,400
106,turn_left,5,0,2,fail,-1,1,0,403
107,sniff_right,3,0,3,fail,-1,1,0,407
108,sniff_front,0,0,2,fail,-1,1,0,411
109,forward,1,2,0,fail,-1,3,0,414
110,forward,1,0,0,success,-1,1,1,415
111,sniff_left,2,0,0,success,-1,1,1,419
112,turn_right,4,0,1,fail,-3,1,0,423
113,sniff_right,3,0,2,fail,-1,1,0,427
114,turn_left,5,0,1,fail,-3,1,0,431
115,sniff_right,3,0,3,fail,-1,1,0,435
116,sniff_left,2,0,0,success,-1,1,1,438
117,turn_left,5,0,2,fail,-1,1,0,442
118,turn_right,4,0,0,success,-5,1,1,446
119,sniff_left,2,0,0,success,-1,1,1,450
120,sniff_front,0,0,3,fail,-1,1,0,453
121,sniff_front,0,0,3,fail,-1,1,0,456
122,sniff_left,2,3,0,fail,-1,1,0,460
123,sniff_left,2,0,0,success,-1,1,1,463
124,sniff_right,3,3,3,success,-1,1,1,464
125,sniff_right,3,0,3,fail,-1,1,0,464
126,turn_left,5,2,2,success,-1,1,1,464
127,turn_left,5,0,2,fail,-1,1,0,468
128,sniff_front,0,0,2,fail,-1,1,0,472
129,forward,1,2,0,fail,-1,3,0,475
130,sniff_right,3,0,3,fail,-1,1,0,478
131,sniff_front,0,0,0,success,-1,1,1,482
132,sniff_left,2,0,2,fail,-1,1,0,486
133,turn_left,5,0,2,fail,-1,1,0,490
134,forward,1,0,2,fail,10,1,0,494
135,sniff_front,0,2,2,success,-1,3,1,494
136,forward,1,2,0,fail,-1,3,1,498
137,turn_right,4,2,2,success,-1,1,1,502
138,forward,1,0,2,fail,10,1,0,506
139,sniff_front,0,2,2,success,-1,3,1,506
140,forward,1,2,2,success,10,3,2,506
141,sniff_front,0,2,2,success,-1,3,3,509
142,forward,1,2,2,success,10,3,1,509
143,sniff_front,0,2,2,success,-1,3,2,509
144,forward,1,0,2,fail,10,3,2,514
145,sniff_front,0,2,2,success,-1,6,1,514
146,forward,1,2,2,success,10,6,2,514
147,sniff_front,0,2,2,success,-1,6,3,514
148,forward,1,2,2,success,10,6,4,514
149,sniff_front,0,2,2,success,-1,6,5,514
150,forward,1,2,2,success,10,6,6,518
151,sniff_front,0,2,2,success,-1,6,1,518
152,forward,1,2,2,success,10,6,2,518
153,sniff_front,0,2,2,success,-1,6,3,518
154,forward,1,2,2,success,10,6,4,518
155,sniff_front,0,2,2,success,-1,6,5,518
156,forward,1,2,2,success,10,6,6,521
157,sniff_front,0,2,2,success,-1,6,1,521
158,forward,1,2,2,success,10,6,2,521
159,sniff_front,0,2,2,success,-1,6,3,521
160,forward,1,2,2,success,10,6,4,521
161,sniff_front,0,2,2,success,-1,6,5,521
162,forward,1,2,2,success,10,6,6,523
163,sniff_front,0,2,2,success,-1,6,1,523
164,forward,1,2,0,fail,-1,6,1,527
165,turn_right,4,2,1,fail,-3,2,0,531
166,turn_right,4,0,2,fail,-1,1,0,535
167,forward,1,2,0,fail,-1,4,0,538
168,turn_right,4,2,0,fail,-5,1,0,542
169,sniff_right,3,0,2,fail,-1,1,0,546
170,sniff_front,0,0,3,fail,-1,1,0,549
171,sniff_right,3,2,2,success,-1,1,1,552
172,sniff_left,2,0,0,success,-1,1,1,556
173,turn_left,5,0,2,fail,-1,1,0,559
174,forward,1,2,0,fail,-1,3,0,562
175,sniff_front,0,0,0,success,-1,1,1,566
176,sniff_right,3,0,0,success,-1,1,1,570
177,forward,1,0,0,success,-1,1,1,574
178,forward,1,0,0,success,-1,1,1,577
179,sniff_left,2,3,3,success,-1,1,1,578
180,sniff_front,0,0,0,success,-1,1,1,582
181,turn_right,4,0,0,success,-5,1,1,586
182,turn_right,4,0,2,fail,-1,1,0,590
183,forward,1,2,2,success,10,4,1,590
184,sniff_front,0,2,2,success,-1,4,2,590
185,forward,1,2,2,success,10,4,3,590
186,sniff_front,0,2,2,success,-1,4,4,593
187,forward,1,2,2,success,10,9,1,593
188,sniff_front,0,2,2,success,-1,9,2,593
189,forward,1,2,0,fail,-1,9,2,597
190,sniff_right,3,0,3,fail,-1,1,0,601
191,sniff_left,2,0,2,fail,-1,1,0,605
192,turn_left,5,2,2,success,-1,2,1,605
193,forward,1,2,0,fail,-1,2,1,609
194,sniff_right,3,3,2,fail,-1,1,0,613
195,sniff_right,3,0,2,fail,-1,1,0,616
196,turn_right,4,0,2,fail,-1,1,0,617
197,forward,1,2,2,success,10,7,1,617
198,sniff_front,0,2,2,success,-1,7,2,617
199,forward,1,2,0,fail,-1,7,2,621
200,turn_right,4,2,2,success,-1,2,1,621
201,forward,1,2,2,success,10,2,2,624
202,sniff_front,0,2,2,success,-1,6,1,624
203,forward,1,2,2,success,10,6,2,624
204,sniff_front,0,2,2,success,-1,6,3,624
205,forward,1,2,0,fail,-1,6,3,628
206,sniff_right,3,3,2,fail,-1,1,0,632
207,turn_right,4,2,2,success,-1,4,1,632
208,forward,1,2,2,success,10,4,2,632
209,sniff_front,0,2,2,success,-1,4,3,632
210,forward,1,0,0,success,-1,4,4,635
211,turn_right,4,2,1,fail,-3,6,0,639
212,turn_left,5,0,1,fail,-3,1,0,643
213,turn_right,4,0,1,fail,-3,1,0,647
214,sniff_front,0,0,3,fail,-1,1,0,650
215,turn_right,4,0,2,fail,-1,1,0,653
216,forward,1,2,0,fail,-1,7,0,656
217,sniff_right,3,3,3,success,-1,1,1,657
218,sniff_right,3,3,3,success,-1,1,1,660
219,turn_right,4,1,0,fail,-5,1,0,664
220,turn_right,4,2,2,success,-1,5,1,664
221,forward,1,2,0,fail,-1,5,1,668
222,sniff_front,0,0,3,fail,-1,1,0,672
223,turn_left,5,2,2,success,-1,1,1,675
224,forward,1,2,2,success,10,3,1,675
225,sniff_front,0,2,2,success,-1,3,2,675
226,forward,1,0,0,success,-1,3,3,678
227,turn_right,4,2,2,success,-1,6,1,678
228,forward,1,2,2,success,10,6,2,678
229,sniff_front,0,2,2,success,-1,6,3,678
230,forward,1,2,2,success,10,6,4,678
231,sniff_front,0,2,2,success,-1,6,5,678
232,forward,1,0,0,success,-1,6,6,681
233,sniff_right,3,2,0,fail,-1,5,0,685
234,sniff_left,2,0,2,fail,-1,1,0,689
235,turn_left,5,2,2,success,-1,2,1,689
236,forward,1,0,2,fail,10,2,1,692
237,sniff_front,0,2,2,success,-1,6,1,692
238,forward,1,2,0,fail,-1,6,1,695
239,turn_right,4,2,1,fail,-3,2,0,698
240,sniff_left,2,0,3,fail,-1,1,0,701
241,sniff_left,2,3,3,success,-1,1,1,704
242,sniff_right,3,0,0,success,-1,1,1,705
243,sniff_left,2,2,3,fail,-1,3,0,709
244,turn_right,4,2,2,success,-1,1,1,712
245,forward,1,2,0,fail,-1,7,0,713
246,sniff_front,0,0,0,success,-1,1,1,716
247,turn_left,5,0,0,success,-5,1,1,720
248,sniff_left,2,0,2,fail,-1,1,0,724
249,turn_left,5,2,2,success,-1,4,1,724
250,forward,1,2,0,fail,-1,4,1,727
251,forward,1,0,3,fail,-10,1,0,731
252,sniff_left,2,0,2,fail,-1,1,0,734
253,turn_left,5,2,2,success,-1,4,1,734
254,forward,1,2,2,success,10,4,2,734
255,sniff_front,0,2,2,success,-1,4,3,734
256,forward,1,0,2,fail,10,4,3,739
257,sniff_front,0,2,2,success,-1,6,1,739
258,forward,1,2,2,success,10,6,2,739
259,sniff_front,0,2,2,success,-1,6,3,739
260,forward,1,2,2,success,10,6,4,739
261,sniff_front,0,2,2,success,-1,6,5,739
262,forward,1,2,0,fail,-1,6,5,744
263,forward,1,0,3,fail,-10,1,0,748
264,sniff_left,2,2,3,fail,-1,5,0,751
265,sniff_front,0,0,3,fail,-1,1,0,754
266,turn_left,5,2,1,fail,-3,4,0,757
267,turn_left,5,0,2,fail,-1,1,0,761
268,forward,1,2,0,fail,-1,9,0,764
269,forward,1,0,0,success,-1,1,1,767
270,sniff_left,2,0,3,fail,-1,1,0,768
271,sniff_left,2,3,3,success,-1,1,1,771
272,sniff_right,3,0,3,fail,-1,1,0,775
273,turn_left,5,0,0,success,-5,1,1,779
274,sniff_right,3,0,0,success,-1,1,1,783
275,sniff_left,2,2,2,success,-1,3,1,783
276,turn_left,5,2,2,success,-1,3,2,783
277,forward,1,2,2,success,10,3,3,786
278,sniff_front,0,2,2,success,-1,6,1,786
279,forward,1,2,0,fail,-1,6,1,789
280,turn_left,5,1,1,success,-3,1,1,793
281,sniff_front,0,0,3,fail,-1,1,0,796
282,turn_left,5,2,2,success,-1,4,1,796
283,forward,1,2,0,fail,-1,4,1,800
284,sniff_left,2,3,3,success,-1,1,1,804
285,turn_right,4,0,0,success,-5,1,1,808
286,turn_right,4,2,2,success,-1,5,1,808
287,forward,1,2,0,fail,-1,5,1,811
288,turn_left,5,1,1,success,-3,1,1,815
289,sniff_left,2,0,0,success,-1,1,1,818
290,sniff_front,0,0,3,fail,-1,1,0,821
291,turn_left,5,2,2,success,-1,4,1,821
292,forward,1,2,0,fail,-1,4,1,824
293,sniff_right,3,3,3,success,-1,1,1,828
294,sniff_front,0,0,0,success,-1,1,1,831
295,sniff_front,0,0,0,success,-1,1,1,834
296,forward,1,0,0,success,-1,1,1,835
297,sniff_right,3,3,3,success,-1,1,1,838
298,sniff_left,2,0,3,fail,-1,1,0,842
299,sniff_front,0,0,0,success,-1,1,1,845
300,sniff_left,2,0,3,fail,-1,1,0,849
301,sniff_left,2,0,3,fail,-1,1,0,852
302,sniff_right,3,2,3,fail,-1,1,0,853
303,sniff_right,3,3,3,success,-1,1,1,856
304,sniff_front,0,0,0,success,-1,1,1,859
305,sniff_right,3,0,3,fail,-1,1,0,863
306,sniff_left,2,0,3,fail,-1,1,0,866
307,sniff_front,0,0,0,success,-1,1,1,867
308,sniff_front,0,0,0,success,-1,1,1,870
309,forward,1,0,0,success,-1,1,1,871
310,turn_left,5,1,0,fail,-5,1,0,875
311,sniff_right,3,0,0,success,-1,4,1,875
312,sniff_left,2,2,2,success,-1,4,2,875
313,turn_left,5,2,2,success,-1,4,3,875
314,forward,1,2,2,success,10,4,4,878
315,sniff_front,0,2,2,success,-1,6,1,878
316,forward,1,2,2,success,10,6,2,878
317,sniff_front,0,2,2,success,-1,6,3,878
318,forward,1,2,0,fail,-1,6,3,882
319,sniff_right,3,2,2,success,-1,5,1,882
320,turn_right,4,2,2,success,-1,5,2,882
321,forward,1,2,2,success,10,5,3,882
322,sniff_front,0,2,2,success,-1,5,4,882
323,forward,1,0,2,fail,10,5,4,889
324,sniff_front,0,2,2,success,-1,6,1,889
325,forward,1,2,2,success,10,6,2,889
326,sniff_front,0,2,2,success,-1,6,3,889
327,forward,1,2,0,fail,-1,6,3,893
328,sniff_right,3,2,2,success,-1,9,1,893
329,turn_right,4,2,2,success,-1,9,2,893
330,forward,1,2,2,success,10,9,3,893
331,sniff_front,0,2,2,success,-1,9,4,893
332,forward,1,2,2,success,10,9,5,893
333,sniff_front,0,2,2,success,-1,9,6,893
334,forward,1,2,2,success,10,9,7,893
335,sniff_front,0,2,2,success,-1,9,8,893
336,forward,1,0,2,fail,10,9,8,899
337,sniff_front,0,2,2,success,-1,6,1,899
338,forward,1,2,2,success,10,6,2,899
339,sniff_front,0,2,2,success,-1,6,3,899
340,forward,1,2,2,success,10,6,4,899
341,sniff_front,0,2,2,success,-1,6,5,899
342,forward,1,2,2,success,10,6,6,903
343,sniff_front,0,2,2,success,-1,8,1,903
344,forward,1,2,2,success,10,8,2,903
345,sniff_front,0,2,2,success,-1,8,3,903
346,forward,1,2,0,fail,-1,8,3,907
347,sniff_right,3,2,2,success,-1,9,1,907
348,turn_right,4,2,2,success,-1,9,2,907
349,forward,1,2,2,success,10,9,3,907
350,sniff_front,0,2,2,success,-1,9,4,907
351,forward,1,2,2,success,10,9,5,907
352,sniff_front,0,2,2,success,-1,9,6,907
353,forward,1,2,0,fail,-1,9,6,912
354,sniff_left,2,0,2,fail,-1,1,0,916
355,turn_left,5,2,2,success,-1,10,1,916
356,forward,1,2,2,success,10,10,2,916
357,sniff_front,0,2,2,success,-1,10,3,916
358,forward,1,2,2,success,10,10,4,916
359,sniff_front,0,2,2,success,-1,10,5,916
360,forward,1,2,2,success,10,10,6,916
361,sniff_front,0,2,2,success,-1,10,7,916
362,forward,1,2,2,success,10,10,8,916
363,sniff_front,0,2,2,success,-1,10,9,916
364,forward,1,0,2,fail,10,10,9,921
365,sniff_front,0,2,2,success,-1,8,1,921
366,forward,1,2,2,success,10,8,2,921
367,sniff_front,0,2,2,success,-1,8,3,921
368,forward,1,2,0,fail,-1,8,3,925
369,sniff_right,3,2,3,fail,-1,9,0,929
370,sniff_right,3,3,3,success,-1,1,1,932
371,sniff_front,0,0,0,success,-1,1,1,933
372,sniff_left,2,2,2,success,-1,1,1,934
373,turn_left,5,2,2,success,-1,10,1,934
374,forward,1,2,4,fail,5,10,1,939
375,sniff_front,0,0,2,fail,-1,1,0,943
376,forward,1,2,0,fail,-1,3,0,946
377,sniff_front,0,0,3,fail,-1,1,0,947
378,sniff_front,0,0,3,fail,-1,1,0,948
379,sniff_left,2,0,0,success,-1,1,1,949
380,sniff_left,2,0,0,success,-1,1,1,949
381,sniff_right,3,0,2,fail,-1,1,0,953
382,turn_right,4,2,2,success,-1,5,1,953
383,forward,1,2,2,success,10,5,2,953
384,sniff_front,0,2,2,success,-1,5,3,953
385,forward,1,0,2,fail,10,5,3,956
386,sniff_front,0,2,2,success,-1,6,1,956
387,forward,1,2,2,success,10,6,2,956
388,sniff_front,0,2,2,success,-1,6,3,956
389,forward,1,2,2,success,10,6,4,956
390,sniff_front,0,2,2,success,-1,6,5,956
391,forward,1,2,2,success,10,6,6,960
392,sniff_front,0,2,2,success,-1,8,1,960
393,forward,1,2,2,success,10,8,2,960
394,sniff_front,0,2,2,success,-1,8,3,960
395,forward,1,2,0,fail,-1,8,3,963
396,sniff_right,3,2,2,success,-1,9,1,963
397,turn_right,4,2,2,success,-1,9,2,963
398,forward,1,2,2,success,10,9,3,963
399,sniff_front,0,2,2,success,-1,9,4,963
400,forward,1,2,2,success,10,9,5,963
401,sniff_front,0,2,2,success,-1,9,6,963
402,forward,1,2,0,fail,-1,9,6,964
403,turn_right,4,2,1,fail,-3,2,0,968
404,sniff_right,3,0,0,success,-1,1,1,972
405,sniff_left,2,2,3,fail,-1,5,0,975
406,sniff_left,2,3,3,success,-1,1,1,978
407,sniff_right,3,3,0,fail,-1,1,0,979
408,sniff_left,2,2,3,fail,-1,5,0,979
409,turn_left,5,0,1,fail,-3,1,0,983
410,sniff_right,3,0,3,fail,-1,1,0,986
411,sniff_left,2,0,2,fail,-1,1,0,989
412,turn_left,5,2,2,success,-1,10,1,989
413,forward,1,2,2,success,10,10,2,989
414,sniff_front,0,2,2,success,-1,10,3,989
415,forward,1,2,2,success,10,10,4,989
416,sniff_front,0,2,2,success,-1,10,5,989
417,forward,1,2,2,success,10,10,6,989
418,sniff_front,0,2,2,success,-1,10,7,989
419,forward,1,2,2,success,10,10,8,989
420,sniff_front,0,2,2,success,-1,10,9,989
421,forward,1,0,2,fail,10,10,9,992
422,sniff_front,0,2,2,success,-1,8,1,992
423,forward,1,2,2,success,10,8,2,992
424,sniff_front,0,2,2,success,-1,8,3,992
425,forward,1,2,2,success,10,8,4,992
426,sniff_front,0,2,2,success,-1,8,5,992
427,forward,1,2,2,success,10,8,6,992
428,sniff_front,0,2,2,success,-1,8,7,992
429,forward,1,0,0,success,-1,8,8,996
430,sniff_left,2,0,2,fail,-1,1,0,1000
431,turn_left,5,2,2,success,-1,10,1,1000
432,forward,1,2,2,success,10,10,2,1000
433,sniff_front,0,2,2,success,-1,10,3,1000
434,forward,1,2,2,success,10,10,4,1000
435,sniff_front,0,2,2,success,-1,10,5,1000
436,forward,1,2,2,success,10,10,6,1000
437,sniff_front,0,2,2,success,-1,10,7,1000
438,forward,1,2,0,fail,-1,10,7,1005
439,sniff_right,3,2,3,fail,-1,9,0,1009
440,sniff_right,3,0,3,fail,-1,1,0,1012
441,sniff_front,0,0,3,fail,-1,1,0,1015
442,sniff_right,3,3,3,success,-1,1,1,1016
443,sniff_left,2,0,2,fail,-1,1,0,1019
444,turn_left,5,2,2,success,-1,10,1,1019
445,forward,1,2,2,success,10,10,2,1019
446,sniff_front,0,2,2,success,-1,10,3,1019
447,forward,1,2,2,success,10,10,4,1019
448,sniff_front,0,2,2,success,-1,10,5,1019
449,forward,1,2,2,success,10,10,6,1019
450,sniff_front,0,2,2,success,-1,10,7,1019
451,forward,1,2,2,success,10,10,8,1019
452,sniff_front,0,2,2,success,-1,10,9,1019
453,forward,1,0,0,success,-1,10,10,1022
454,sniff_left,2,0,3,fail,-1,1,0,1026
455,sniff_front,0,0,3,fail,-1,1,0,1029
456,turn_right,4,0,2,fail,-1,1,0,1032
457,forward,1,2,2,success,10,7,1,1032
458,sniff_front,0,2,2,success,-1,7,2,1032
459,forward,1,2,0,fail,-1,7,2,1035
460,turn_right,4,2,2,success,-1,7,1,1035
461,forward,1,2,2,success,10,7,2,1035
462,sniff_front,0,2,2,success,-1,7,3,1035
463,forward,1,2,2,success,10,7,4,1035
464,sniff_front,0,2,2,success,-1,7,5,1035
465,forward,1,0,0,success,-1,7,6,1035
466,sniff_right,3,0,3,fail,-1,7,6,1040
467,sniff_right,3,0,3,fail,-1,1,0,1044
468,sniff_right,3,0,3,fail,-1,1,0,1047
469,sniff_front,0,0,0,success,-1,1,1,1048
470,sniff_left,2,2,2,success,-1,3,1,1048
471,turn_left,5,2,2,success,-1,3,2,1048
472,forward,1,4,2,fail,10,3,2,1052
473,sniff_front,0,2,2,success,-1,6,1,1052
474,forward,1,2,0,fail,-1,6,1,1055
475,sniff_left,2,0,3,fail,-1,1,0,1059
476,sniff_left,2,3,3,success,-1,1,1,1062
477,sniff_right,3,0,2,fail,-1,1,0,1063
478,turn_right,4,2,2,success,-1,10,1,1063
479,forward,1,2,2,success,10,10,2,1063
480,sniff_front,0,2,2,success,-1,10,3,1063
481,forward,1,2,0,fail,-1,10,3,1066
482,turn_right,4,2,1,fail,-3,8,0,1067
483,turn_right,4,0,2,fail,-1,1,0,1070
484,forward,1,2,0,fail,-1,7,0,1071
485,forward,1,0,0,success,-1,1,1,1074
486,sniff_left,2,0,0,success,-1,1,1,1075
487,sniff_right,3,2,3,fail,-1,5,0,1078
488,sniff_front,0,0,3,fail,-1,4,0,1081
489,turn_right,4,2,1,fail,-3,4,0,1082
490,sniff_front,0,0,3,fail,-1,1,0,1082
491,turn_right,4,2,2,success,-1,4,1,1082
492,forward,1,2,2,success,10,4,2,1082
493,sniff_front,0,2,2,success,-1,4,3,1082
494,forward,1,0,0,success,-1,4,4,1085
495,turn_right,4,2,1,fail,-3,8,0,1088
496,sniff_front,0,3,3,success,-1,5,1,1088
497,turn_right,4,2,2,success,-1,5,2,1088
498,forward,1,2,0,fail,-1,5,2,1092
499,sniff_left,2,0,3,fail,-1,1,0,1096
500,sniff_right,3,2,3,fail,-1,5,0,1099
501,sniff_front,0,0,0,success,-1,4,1,1099
502,sniff_left,2,2,3,fail,-1,4,1,1103
503,sniff_right,3,2,3,fail,-1,5,0,1107
504,sniff_left,2,0,3,fail,-1,1,0,1110
505,sniff_right,3,2,3,fail,-1,5,0,1113
506,sniff_right,3,3,3,success,-1,1,1,1114
507,turn_right,4,0,0,success,-5,1,1,1115
508,turn_right,4,2,2,success,-1,5,1,1115
509,forward,1,2,0,fail,-1,5,1,1115
510,sniff_left,2,0,2,fail,-1,1,0,1119
511,turn_left,5,2,2,success,-1,10,1,1119
512,forward,1,2,2,success,10,10,2,1119
513,sniff_front,0,2,2,success,-1,10,3,1119
514,forward,1,2,2,success,10,10,4,1119
515,sniff_front,0,2,2,success,-1,10,5,1119
516,forward,1,2,0,fail,-1,10,5,1124
517,turn_right,4,2,0,fail,-5,2,0,1128
518,turn_right,4,2,2,success,-1,5,1,1128
519,forward,1,2,0,fail,-1,5,1,1131
520,sniff_left,2,2,3,fail,-1,7,0,1135
521,sniff_right,3,2,3,fail,-1,5,0,1138
522,turn_left,5,0,0,success,-5,1,1,1139
523,sniff_right,3,0,0,success,-1,8,1,1139
524,sniff_left,2,2,2,success,-1,8,2,1139
525,turn_left,5,2,2,success,-1,8,3,1139
526,forward,1,2,0,fail,-1,8,3,1144
527,sniff_front,0,0,0,success,-1,1,1,1148
528,sniff_left,2,2,2,success,-1,5,1,1148
529,turn_left,5,2,2,success,-1,5,2,1148
530,forward,1,2,2,success,10,5,3,1148
531,sniff_front,0,2,2,success,-1,5,4,1148
532,forward,1,0,0,success,-1,5,5,1151
533,turn_right,4,2,2,success,-1,2,1,1151
534,forward,1,2,0,fail,-1,2,1,1155
535,sniff_left,2,2,2,success,-1,7,1,1155
536,turn_left,5,2,2,success,-1,7,2,1155
537,forward,1,2,2,success,10,7,3,1155
538,sniff_front,0,2,2,success,-1,7,4,1155
539,forward,1,2,2,success,10,7,5,1155
540,sniff_front,0,2,2,success,-1,7,6,1155
541,forward,1,0,0,success,-1,7,7,1158
542,sniff_right,3,3,3,success,-1,1,1,1162
543,sniff_front,0,0,3,fail,-1,4,0,1165
544,turn_right,4,2,1,fail,-3,5,0,1166
545,sniff_front,0,3,3,success,-1,5,1,1166
546,turn_right,4,2,2,success,-1,5,2,1166
547,forward,1,2,0,fail,-1,5,2,1169
548,sniff_left,2,2,3,fail,-1,8,0,1170
549,sniff_right,3,2,2,success,-1,5,1,1170
550,turn_right,4,2,2,success,-1,5,2,1170
551,forward,1,2,2,success,10,5,3,1170
552,sniff_front,0,2,2,success,-1,5,4,1170
553,forward,1,0,0,success,-1,5,5,1173
554,turn_right,4,2,2,success,-1,8,1,1173
555,forward,1,2,2,success,10,8,2,1173
556,sniff_front,0,2,2,success,-1,8,3,1173
557,forward,1,2,2,success,10,8,4,1173
558,sniff_front,0,2,2,success,-1,8,5,1173
559,forward,1,0,2,fail,10,8,5,1178
560,sniff_front,0,2,2,success,-1,6,1,1178
561,forward,1,2,2,success,10,6,2,1178
562,sniff_front,0,2,2,success,-1,6,3,1178
563,forward,1,2,2,success,10,6,4,1178
564,sniff_front,0,2,2,success,-1,6,5,1178
565,forward,1,2,2,success,10,6,6,1182
566,sniff_front,0,2,2,success,-1,8,1,1182
567,forward,1,2,2,success,10,8,2,1182
568,sniff_front,0,2,2,success,-1,8,3,1182
569,forward,1,2,0,fail,-1,8,3,1185
570,sniff_right,3,2,0,fail,-1,9,0,1189
571,sniff_left,2,2,2,success,-1,5,1,1189
572,turn_left,5,2,2,success,-1,5,2,1189
573,forward,1,2,2,success,10,5,3,1189
574,sniff_front,0,2,2,success,-1,5,4,1189
575,forward,1,0,2,fail,10,5,4,1194
576,sniff_front,0,2,2,success,-1,6,1,1194
577,forward,1,2,2,success,10,6,2,1194
578,sniff_front,0,2,2,success,-1,6,3,1194
579,forward,1,2,0,fail,-1,6,3,1198
580,sniff_right,3,2,2,success,-1,9,1,1198
581,turn_right,4,2,2,success,-1,9,2,1198
582,forward,1,2,2,success,10,9,3,1198
583,sniff_front,0,2,2,success,-1,9,4,1198
584,forward,1,2,0,fail,-1,9,4,1201
585,turn_right,4,2,2,success,-1,8,1,1201
586,forward,1,2,0,fail,-1,8,1,1205
587,sniff_left,2,2,0,fail,-1,8,0,1209
588,sniff_right,3,2,3,fail,-1,5,0,1212
589,sniff_left,2,0,0,success,-1,1,1,1215
590,sniff_right,3,2,3,fail,-1,5,0,1218
591,sniff_right,3,0,3,fail,-1,1,0,1219
592,sniff_front,0,0,3,fail,-1,4,0,1220
593,turn_right,4,2,1,fail,-3,5,0,1221
594,sniff_left,2,3,3,success,-1,1,1,1224
595,sniff_right,3,2,2,success,-1,5,1,1224
596,turn_right,4,2,2,success,-1,5,2,1224
597,forward,1,2,2,success,10,5,3,1224
598,sniff_front,0,2,2,success,-1,5,4,1224
599,forward,1,0,0,success,-1,5,5,1227
600,turn_right,4,2,2,success,-1,8,1,1227
601,forward,1,2,2,success,10,8,2,1227
602,sniff_front,0,2,2,success,-1,8,3,1227
603,forward,1,2,2,success,10,8,4,1227
604,sniff_front,0,2,2,success,-1,8,5,1227
605,forward,1,0,4,fail,5,8,5,1233
606,sniff_front,0,0,2,fail,-1,1,0,1237
607,forward,1,2,2,success,10,3,1,1237
608,sniff_front,0,2,2,success,-1,3,2,1237
609,forward,1,0,2,fail,10,3,2,1241
610,sniff_front,0,2,2,success,-1,6,1,1241
611,forward,1,2,2,success,10,6,2,1241
612,sniff_front,0,2,2,success,-1,6,3,1241
613,forward,1,2,2,success,10,6,4,1241
614,sniff_front,0,2,2,success,-1,6,5,1241
615,forward,1,2,0,fail,-1,6,5,1245
616,sniff_left,2,3,3,success,-1,1,1,1249
617,sniff_right,3,2,2,success,-1,5,1,1249
618,turn_right,4,2,2,success,-1,5,2,1249
619,forward,1,2,2,success,10,5,3,1249
620,sniff_front,0,2,2,success,-1,5,4,1249
621,forward,1,0,2,fail,10,5,4,1253
622,sniff_front,0,2,2,success,-1,10,1,1253
623,forward,1,2,2,success,10,10,2,1253
624,sniff_front,0,2,2,success,-1,10,3,1253
625,forward,1,2,2,success,10,10,4,1253
626,sniff_front,0,2,2,success,-1,10,5,1253
627,forward,1,2,2,success,10,10,6,1253
628,sniff_front,0,2,2,success,-1,10,7,1253
629,forward,1,2,2,success,10,10,8,1253
630,sniff_front,0,2,2,success,-1,10,9,1253
631,forward,1,0,2,fail,10,10,9,1258
632,sniff_front,0,2,2,success,-1,6,1,1258
633,forward,1,2,2,success,10,6,2,1258
634,sniff_front,0,2,2,success,-1,6,3,1258
635,forward,1,2,2,success,10,6,4,1258
636,sniff_front,0,2,2,success,-1,6,5,1258
637,forward,1,2,2,success,10,6,6,1262
638,sniff_front,0,2,2,success,-1,8,1,1262
639,forward,1,2,2,success,10,8,2,1262
640,sniff_front,0,2,2,success,-1,8,3,1262
641,forward,1,2,0,fail,-1,8,3,1265
642,sniff_right,3,2,2,success,-1,9,1,1265
643,turn_right,4,2,2,success,-1,9,2,1265
644,forward,1,2,2,success,10,9,3,1265
645,sniff_front,0,2,2,success,-1,9,4,1265
646,forward,1,2,2,success,10,9,5,1265
647,sniff_front,0,2,2,success,-1,9,6,1265
648,forward,1,2,2,success,10,9,7,1265
649,sniff_front,0,2,2,success,-1,9,8,1265
650,forward,1,2,2,success,10,9,9,1268
651,sniff_front,0,2,2,success,-1,10,1,1268
652,forward,1,2,2,success,10,10,2,1268
653,sniff_front,0,2,2,success,-1,10,3,1268
654,forward,1,2,2,success,10,10,4,1268
655,sniff_front,0,2,2,success,-1,10,5,1268
656,forward,1,2,2,success,10,10,6,1268
657,sniff_front,0,2,2,success,-1,10,7,1268
658,forward,1,2,0,fail,-1,10,7,1272
659,sniff_left,2,2,0,fail,-1,9,0,1276
660,sniff_right,3,2,2,success,-1,5,1,1276
661,turn_right,4,2,2,success,-1,5,2,1276
662,forward,1,2,2,success,10,5,3,1276
663,sniff_front,0,2,2,success,-1,5,4,1276
664,forward,1,2,2,success,10,5,5,1279
665,sniff_front,0,2,2,success,-1,10,1,1279
666,forward,1,2,2,success,10,10,2,1279
667,sniff_front,0,2,2,success,-1,10,3,1279
668,forward,1,2,2,success,10,10,4,1279
669,sniff_front,0,2,2,success,-1,10,5,1279
670,forward,1,2,2,success,10,10,6,1279
671,sniff_front,0,2,2,success,-1,10,7,1279
672,forward,1,2,2,success,10,10,8,1279
673,sniff_front,0,2,2,success,-1,10,9,1279
674,forward,1,0,2,fail,10,10,9,1282
675,sniff_front,0,2,2,success,-1,10,1,1282
676,forward,1,2,2,success,10,10,2,1282
677,sniff_front,0,2,2,success,-1,10,3,1282
678,forward,1,2,2,success,10,10,4,1282
679,sniff_front,0,2,2,success,-1,10,5,1282
680,forward,1,2,2,success,10,10,6,1282
681,sniff_front,0,2,2,success,-1,10,7,1282
682,forward,1,2,4,fail,5,10,7,1288
683,sniff_front,0,0,2,fail,-1,1,0,1292
684,forward,1,2,2,success,10,9,1,1292
685,sniff_front,0,2,2,success,-1,9,2,1292
686,forward,1,2,2,success,10,9,3,1292
687,sniff_front,0,2,2,success,-1,9,4,1292
688,forward,1,2,0,fail,-1,9,4,1297
689,turn_right,4,2,2,success,-1,2,1,1297
690,forward,1,2,0,fail,-1,2,1,1301
